{
    "_schemaVersion": "1.0.0",
    "op_CSIoverlayMRI_LCModel":
    {
        "inputs":
        [
            {"name":"in1", "kind":"required", "type":["struct"], "purpose":"MRSI object to plot"},
            {"name":"in2", "kind":"required", "type":["file=*.nii"], "purpose": "nifti MRI file to plot"},
            {"name":"in3", "kind":"required", "type":["file=*.csv"], "purpose": "lcmodel table output"}
        ]
    },
    "op_CSIoverlayMRI":
    {
        "inputs":
        [
            {"name":"mriFileName", "kind":"required", "type":["file=*.nii"], "purpose":"nifti MRI to image"},
            {"name":"in", "kind":"required", "type":["struct"], "purpose":"MRSI to overlay"},
            {"name":"coilNum", "kind":"ordered", "type":["numeric"], "purpose":"coil number to plot"}
        ]
    },
    "op_CSIdensityCompensation":
    {
        "inputs":
        [
            {"name":"in", "kind":"required", "type":["struct"], "purpose":"MRSI object"},
            {"name":"k_file", "kind":"required", "type":["file=*.csv, *.txt"], "purpose":"k space file"},
            {"name":"isPlot", "kind":"ordered", "type":["logical","scalar"], "purpose":"plot diagram"}
        ]
    },
    "op_CSIoverlayMRI_LCModel":
    {
        "inputs":
        [
            {"name":"in", "kind":"required", "type":["struct"], "purpose":"MRSI object"},
            {"name":"nifti", "kind":"required", "type":["file=*.nii"], "purpose":"mri in nifti format"},
            {"name":"lcTable", "kind":"required", "type":["file=*.csv"], "purpose":"lcmodel output in csv"}
        ]
    }
}
